Country,address
ArabSaudi,https://raw.githubusercontent.com/703m4h4d1/InterTV/master/ArabSaudiTV
Australia,https://raw.githubusercontent.com/703m4h4d1/InterTV/master/AustraliaTV
Bahrain,https://raw.githubusercontent.com/703m4h4d1/InterTV/master/BahrainTV
Brunei,https://raw.githubusercontent.com/703m4h4d1/InterTV/master/BruneiTV.m3u
Cambodia,https://raw.githubusercontent.com/703m4h4d1/InterTV/master/CambodiaTV
Canada,https://raw.githubusercontent.com/703m4h4d1/InterTV/master/Canada
Egypt,https://raw.githubusercontent.com/703m4h4d1/InterTV/master/Egypt
German,https://raw.githubusercontent.com/703m4h4d1/InterTV/master/GermanTV
Hongkong,https://raw.githubusercontent.com/703m4h4d1/InterTV/master/HongkongTV
India,https://raw.githubusercontent.com/703m4h4d1/InterTV/master/IndiaTV
Indonesia,https://raw.githubusercontent.com/703m4h4d1/InterTV/master/IndonesiaTV.m3u
Iran,https://raw.githubusercontent.com/703m4h4d1/InterTV/master/IranTV
Iraq,https://raw.githubusercontent.com/703m4h4d1/InterTV/master/IraqTV
Ireland,https://raw.githubusercontent.com/703m4h4d1/InterTV/master/irland
Italy,https://raw.githubusercontent.com/703m4h4d1/InterTV/master/ItalyTV
Japan,https://raw.githubusercontent.com/703m4h4d1/InterTV/master/JapanTV
Laos,https://raw.githubusercontent.com/703m4h4d1/InterTV/master/LaosTV
Malaysia,https://raw.githubusercontent.com/703m4h4d1/InterTV/master/MalaysiaTV.m3u
New Zailand ,https://raw.githubusercontent.com/703m4h4d1/InterTV/master/New Zailand TV
Palestine,https://raw.githubusercontent.com/703m4h4d1/InterTV/master/Palestine
Philippine,https://raw.githubusercontent.com/703m4h4d1/InterTV/master/PhilippineTV
Qatar,https://raw.githubusercontent.com/703m4h4d1/InterTV/master/QatarTV
Russia,https://raw.githubusercontent.com/703m4h4d1/InterTV/master/RussiaTV
Singapore,https://raw.githubusercontent.com/703m4h4d1/InterTV/master/SingaporeTV
Syiria,https://raw.githubusercontent.com/703m4h4d1/InterTV/master/Syiria
Thailand,https://raw.githubusercontent.com/703m4h4d1/InterTV/master/ThailandTV.m3u
Turki,https://raw.githubusercontent.com/703m4h4d1/InterTV/master/TurkiTV.m3u
UK,https://raw.githubusercontent.com/703m4h4d1/InterTV/master/UK
USA ,https://raw.githubusercontent.com/703m4h4d1/InterTV/master/USA TV
UniEmirateArab,https://raw.githubusercontent.com/703m4h4d1/InterTV/master/UniEmirateArabTV
Vietnam,https://raw.githubusercontent.com/703m4h4d1/InterTV/master/VietnamTV
