https://raw.githubusercontent.com/703m4h4d1/InterTV/master/ArabSaudiTV,","
https://raw.githubusercontent.com/703m4h4d1/InterTV/master/AustraliaTV,","
https://raw.githubusercontent.com/703m4h4d1/InterTV/master/BahrainTV,","
https://raw.githubusercontent.com/703m4h4d1/InterTV/master/BruneiTV.m3u,","
https://raw.githubusercontent.com/703m4h4d1/InterTV/master/CambodiaTV,","
https://raw.githubusercontent.com/703m4h4d1/InterTV/master/Canada,","
https://raw.githubusercontent.com/703m4h4d1/InterTV/master/Egypt,","
https://raw.githubusercontent.com/703m4h4d1/InterTV/master/GermanTV,","
https://raw.githubusercontent.com/703m4h4d1/InterTV/master/HongkongTV,","
https://raw.githubusercontent.com/703m4h4d1/InterTV/master/IndiaTV,","
https://raw.githubusercontent.com/703m4h4d1/InterTV/master/IndonesiaTV.m3u,","
https://raw.githubusercontent.com/703m4h4d1/InterTV/master/IranTV,","
https://raw.githubusercontent.com/703m4h4d1/InterTV/master/IraqTV,","
https://raw.githubusercontent.com/703m4h4d1/InterTV/master/irland,","
https://raw.githubusercontent.com/703m4h4d1/InterTV/master/ItalyTV,","
https://raw.githubusercontent.com/703m4h4d1/InterTV/master/JapanTV,","
https://raw.githubusercontent.com/703m4h4d1/InterTV/master/LaosTV,","
https://raw.githubusercontent.com/703m4h4d1/InterTV/master/MalaysiaTV.m3u,","
https://raw.githubusercontent.com/703m4h4d1/InterTV/master/New Zailand TV,","
https://raw.githubusercontent.com/703m4h4d1/InterTV/master/Palestine,","
https://raw.githubusercontent.com/703m4h4d1/InterTV/master/PhilippineTV,","
https://raw.githubusercontent.com/703m4h4d1/InterTV/master/QatarTV,","
https://raw.githubusercontent.com/703m4h4d1/InterTV/master/RussiaTV,","
https://raw.githubusercontent.com/703m4h4d1/InterTV/master/SingaporeTV,","
https://raw.githubusercontent.com/703m4h4d1/InterTV/master/Syiria,","
https://raw.githubusercontent.com/703m4h4d1/InterTV/master/ThailandTV.m3u,","
https://raw.githubusercontent.com/703m4h4d1/InterTV/master/TurkiTV.m3u,","
https://raw.githubusercontent.com/703m4h4d1/InterTV/master/UK,","
https://raw.githubusercontent.com/703m4h4d1/InterTV/master/USA TV,","
https://raw.githubusercontent.com/703m4h4d1/InterTV/master/UniEmirateArabTV,","
https://raw.githubusercontent.com/703m4h4d1/InterTV/master/VietnamTV,","
